ensembl_id,gene_name,dosage_sensitive,dosage_insensitive
ENSG00000137203,TFAP2A,Yes,
ENSG00000008196,TFAP2B,,Yes
ENSG00000087510,TFAP2C,Yes,
ENSG00000008197,TFAP2D,Yes,
ENSG00000116819,TFAP2E,,Yes
ENSG00000116017,ARID3A,,Yes
ENSG00000179361,ARID3B,Yes,
ENSG00000205143,ARID3C,,Yes
ENSG00000196843,ARID5A,,Yes
ENSG00000150347,ARID5B,,Yes
ENSG00000117139,KDM5B,,Yes
ENSG00000189079,ARID2,,Yes
ENSG00000153207,AHCTF1,,Yes
ENSG00000126705,AHDC1,,Yes
ENSG00000106948,AKNA,,Yes
ENSG00000116539,ASH1L,,Yes
ENSG00000173894,CBX2,,Yes
ENSG00000101457,DNTTIP1,,Yes
ENSG00000104885,DOT1L,,Yes
ENSG00000140632,GLYR1,,Yes
ENSG00000137309,HMGA1,,Yes
ENSG00000149948,HMGA2,,Yes
ENSG00000025293,PHF20,,Yes
ENSG00000135365,PHF21A,,Yes
ENSG00000126464,PRR12,,Yes
ENSG00000146285,SCML4,,Yes
ENSG00000152217,SETBP1,,Yes
ENSG00000080603,SRCAP,,Yes
ENSG00000188070,C11orf95,,Yes
ENSG00000237765,FAM200B,,Yes
ENSG00000141258,SGSM2,,Yes
ENSG00000214717,ZBED1,,Yes
ENSG00000177494,ZBED2,,Yes
ENSG00000132846,ZBED3,,Yes
ENSG00000100426,ZBED4,,Yes
ENSG00000236287,ZBED5,,Yes
ENSG00000257315,ZBED6,,Yes
ENSG00000232040,ZBED9,,Yes
ENSG00000106546,AHR,,Yes
ENSG00000063438,AHRR,,Yes
ENSG00000143437,ARNT,Yes,
ENSG00000172379,ARNT2,,Yes
ENSG00000133794,ARNTL,Yes,
ENSG00000029153,ARNTL2,,Yes
ENSG00000139352,ASCL1,,Yes
ENSG00000183734,ASCL2,,Yes
ENSG00000176009,ASCL3,,Yes
ENSG00000187855,ASCL4,,Yes
ENSG00000232237,ASCL5,,Yes
ENSG00000172238,ATOH1,,Yes
ENSG00000179774,ATOH7,,Yes
ENSG00000168874,ATOH8,,Yes
ENSG00000180535,BHLHA15,,Yes
ENSG00000205899,BHLHA9,,Yes
ENSG00000180828,BHLHE22,,Yes
ENSG00000125533,BHLHE23,,Yes
ENSG00000134107,BHLHE40,,Yes
ENSG00000123095,BHLHE41,,Yes
ENSG00000250709,CCDC169-SOHLH2,,Yes
ENSG00000134852,CLOCK,Yes,
ENSG00000116016,EPAS1,,Yes
ENSG00000146618,FERD3L,,Yes
ENSG00000183733,FIGLA,,Yes
ENSG00000113196,HAND1,,Yes
ENSG00000164107,HAND2,,Yes
ENSG00000187821,HELT,,Yes
ENSG00000114315,HES1,,Yes
ENSG00000069812,HES2,,Yes
ENSG00000173673,HES3,,Yes
ENSG00000188290,HES4,,Yes
ENSG00000197921,HES5,,Yes
ENSG00000144485,HES6,,Yes
ENSG00000179111,HES7,,Yes
ENSG00000164683,HEY1,Yes,
ENSG00000135547,HEY2,,Yes
ENSG00000163909,HEYL,,Yes
ENSG00000100644,HIF1A,Yes,
ENSG00000124440,HIF3A,,Yes
ENSG00000104903,LYL1,,Yes
ENSG00000125952,MAX,,Yes
ENSG00000166823,MESP1,,Yes
ENSG00000188095,MESP2,,Yes
ENSG00000187098,MITF,Yes,
ENSG00000108788,MLX,,Yes
ENSG00000175727,MLXIP,,Yes
ENSG00000009950,MLXIPL,,Yes
ENSG00000070444,MNT,,Yes
ENSG00000178860,MSC,,Yes
ENSG00000151379,MSGN1,,Yes
ENSG00000059728,MXD1,,Yes
ENSG00000213347,MXD3,,Yes
ENSG00000123933,MXD4,,Yes
ENSG00000119950,MXI1,,Yes
ENSG00000136997,MYC,,Yes
ENSG00000116990,MYCL,,Yes
ENSG00000134323,MYCN,Yes,
ENSG00000111049,MYF5,,Yes
ENSG00000111046,MYF6,,Yes
ENSG00000129152,MYOD1,,Yes
ENSG00000122180,MYOG,,Yes
ENSG00000084676,NCOA1,Yes,
ENSG00000140396,NCOA2,,Yes
ENSG00000124151,NCOA3,,Yes
ENSG00000162992,NEUROD1,,Yes
ENSG00000171532,NEUROD2,,Yes
ENSG00000123307,NEUROD4,,Yes
ENSG00000164600,NEUROD6,,Yes
ENSG00000181965,NEUROG1,,Yes
ENSG00000178403,NEUROG2,,Yes
ENSG00000122859,NEUROG3,,Yes
ENSG00000171786,NHLH1,,Yes
ENSG00000177551,NHLH2,,Yes
ENSG00000130751,NPAS1,,Yes
ENSG00000170485,NPAS2,,Yes
ENSG00000151322,NPAS3,,Yes
ENSG00000174576,NPAS4,,Yes
ENSG00000184221,OLIG1,,Yes
ENSG00000205927,OLIG2,,Yes
ENSG00000177468,OLIG3,,Yes
ENSG00000168267,PTF1A,,Yes
ENSG00000260428,SCX,,Yes
ENSG00000112246,SIM1,Yes,
ENSG00000159263,SIM2,,Yes
ENSG00000165643,SOHLH1,,Yes
ENSG00000120669,SOHLH2,,Yes
ENSG00000072310,SREBF1,,Yes
ENSG00000198911,SREBF2,,Yes
ENSG00000162367,TAL1,,Yes
ENSG00000186051,TAL2,,Yes
ENSG00000140262,TCF12,,Yes
ENSG00000125878,TCF15,,Yes
ENSG00000118526,TCF21,,Yes
ENSG00000163792,TCF23,,Yes
ENSG00000261787,TCF24,,Yes
ENSG00000071564,TCF3,,Yes
ENSG00000196628,TCF4,Yes,
ENSG00000101190,TCFL5,,Yes
ENSG00000090447,TFAP4,,Yes
ENSG00000068323,TFE3,,Yes
ENSG00000112561,TFEB,Yes,
ENSG00000105967,TFEC,,Yes
ENSG00000122691,TWIST1,,Yes
ENSG00000233608,TWIST2,,Yes
ENSG00000158773,USF1,,Yes
ENSG00000105698,USF2,Yes,
ENSG00000176542,USF3,,Yes
ENSG00000143157,POGK,,Yes
ENSG00000267281,AC023509.3,,Yes
ENSG00000123268,ATF1,,Yes
ENSG00000115966,ATF2,,Yes
ENSG00000162772,ATF3,,Yes
ENSG00000128272,ATF4,,Yes
ENSG00000169136,ATF5,,Yes
ENSG00000118217,ATF6,,Yes
ENSG00000213676,ATF6B,,Yes
ENSG00000170653,ATF7,,Yes
ENSG00000156273,BACH1,,Yes
ENSG00000112182,BACH2,,Yes
ENSG00000156127,BATF,,Yes
ENSG00000168062,BATF2,,Yes
ENSG00000123685,BATF3,,Yes
ENSG00000245848,CEBPA,,Yes
ENSG00000172216,CEBPB,,Yes
ENSG00000221869,CEBPD,,Yes
ENSG00000092067,CEBPE,,Yes
ENSG00000153879,CEBPG,,Yes
ENSG00000118260,CREB1,,Yes
ENSG00000107175,CREB3,,Yes
ENSG00000157613,CREB3L1,,Yes
ENSG00000182158,CREB3L2,,Yes
ENSG00000060566,CREB3L3,,Yes
ENSG00000143578,CREB3L4,,Yes
ENSG00000146592,CREB5,,Yes
ENSG00000111269,CREBL2,,Yes
ENSG00000137504,CREBZF,,Yes
ENSG00000095794,CREM,,Yes
ENSG00000105516,DBP,,Yes
ENSG00000175197,DDIT3,,Yes
ENSG00000170345,FOS,,Yes
ENSG00000125740,FOSB,,Yes
ENSG00000175592,FOSL1,,Yes
ENSG00000075426,FOSL2,,Yes
ENSG00000108924,HLF,,Yes
ENSG00000140044,JDP2,,Yes
ENSG00000177606,JUN,,Yes
ENSG00000171223,JUNB,,Yes
ENSG00000130522,JUND,,Yes
ENSG00000178573,MAF,,Yes
ENSG00000182759,MAFA,,Yes
ENSG00000204103,MAFB,,Yes
ENSG00000185022,MAFF,,Yes
ENSG00000197063,MAFG,,Yes
ENSG00000198517,MAFK,,Yes
ENSG00000123405,NFE2,,Yes
ENSG00000082641,NFE2L1,,Yes
ENSG00000116044,NFE2L2,,Yes
ENSG00000050344,NFE2L3,,Yes
ENSG00000165030,NFIL3,,Yes
ENSG00000129535,NRL,,Yes
ENSG00000167074,TEF,,Yes
ENSG00000100219,XBP1,,Yes
ENSG00000267179,AC008770.3,,Yes
ENSG00000233757,AC092835.1,,Yes
ENSG00000264668,AC138696.1,,Yes
ENSG00000139154,AEBP2,,Yes
ENSG00000105127,AKAP8,,Yes
ENSG00000011243,AKAP8L,,Yes
ENSG00000163516,ANKZF1,,Yes
ENSG00000166454,ATMIN,,Yes
ENSG00000119866,BCL11A,,Yes
ENSG00000127152,BCL11B,Yes,
ENSG00000113916,BCL6,,Yes
ENSG00000161940,BCL6B,,Yes
ENSG00000169594,BNC1,,Yes
ENSG00000173068,BNC2,,Yes
ENSG00000130940,CASZ1,,Yes
ENSG00000159588,CCDC17,,Yes
ENSG00000198824,CHAMP1,,Yes
ENSG00000147183,CPXCR1,,Yes
ENSG00000102974,CTCF,,Yes
ENSG00000124092,CTCFL,,Yes
ENSG00000011332,DPF1,Yes,
ENSG00000205683,DPF3,,Yes
ENSG00000134874,DZIP1,,Yes
ENSG00000167967,E4F1,,Yes
ENSG00000102189,EEA1,,Yes
ENSG00000120738,EGR1,,Yes
ENSG00000122877,EGR2,,Yes
ENSG00000179388,EGR3,,Yes
ENSG00000135625,EGR4,,Yes
ENSG00000164334,FAM170A,,Yes
ENSG00000128610,FEZF1,,Yes
ENSG00000153266,FEZF2,,Yes
ENSG00000179943,FIZ1,,Yes
ENSG00000162676,GFI1,,Yes
ENSG00000165702,GFI1B,,Yes
ENSG00000111087,GLI1,,Yes
ENSG00000074047,GLI2,,Yes
ENSG00000106571,GLI3,,Yes
ENSG00000250571,GLI4,,Yes
ENSG00000174332,GLIS1,,Yes
ENSG00000126603,GLIS2,,Yes
ENSG00000107249,GLIS3,,Yes
ENSG00000122034,GTF3A,,Yes
ENSG00000125812,GZF1,,Yes
ENSG00000177374,HIC1,,Yes
ENSG00000169635,HIC2,,Yes
ENSG00000172273,HINFP,,Yes
ENSG00000095951,HIVEP1,Yes,
ENSG00000010818,HIVEP2,Yes,
ENSG00000127124,HIVEP3,,Yes
ENSG00000181666,HKR1,,Yes
ENSG00000185811,IKZF1,,Yes
ENSG00000030419,IKZF2,Yes,
ENSG00000161405,IKZF3,Yes,
ENSG00000123411,IKZF4,Yes,
ENSG00000095574,IKZF5,,Yes
ENSG00000173404,INSM1,,Yes
ENSG00000168348,INSM2,,Yes
ENSG00000153814,JAZF1,,Yes
ENSG00000136504,KAT7,,Yes
ENSG00000176407,KCMF1,,Yes
ENSG00000151657,KIN,,Yes
ENSG00000105610,KLF1,,Yes
ENSG00000155090,KLF10,,Yes
ENSG00000172059,KLF11,,Yes
ENSG00000118922,KLF12,Yes,
ENSG00000169926,KLF13,,Yes
ENSG00000266265,KLF14,,Yes
ENSG00000163884,KLF15,,Yes
ENSG00000129911,KLF16,,Yes
ENSG00000171872,KLF17,,Yes
ENSG00000127528,KLF2,,Yes
ENSG00000109787,KLF3,,Yes
ENSG00000136826,KLF4,,Yes
ENSG00000102554,KLF5,,Yes
ENSG00000067082,KLF6,Yes,
ENSG00000118263,KLF7,Yes,
ENSG00000102349,KLF8,,Yes
ENSG00000119138,KLF9,,Yes
ENSG00000185513,L3MBTL1,,Yes
ENSG00000198945,L3MBTL3,Yes,
ENSG00000154655,L3MBTL4,,Yes
ENSG00000103495,MAZ,,Yes
ENSG00000085276,MECOM,Yes,
ENSG00000188786,MTF1,,Yes
ENSG00000085274,MYNN,,Yes
ENSG00000196132,MYT1,,Yes
ENSG00000186487,MYT1L,,Yes
ENSG00000099326,MZF1,,Yes
ENSG00000143867,OSR1,,Yes
ENSG00000164920,OSR2,,Yes
ENSG00000172818,OVOL1,,Yes
ENSG00000125850,OVOL2,,Yes
ENSG00000105261,OVOL3,,Yes
ENSG00000198300,PEG3,,Yes
ENSG00000181690,PLAG1,,Yes
ENSG00000118495,PLAGL1,,Yes
ENSG00000126003,PLAGL2,,Yes
ENSG00000057657,PRDM1,,Yes
ENSG00000170325,PRDM10,,Yes
ENSG00000130711,PRDM12,,Yes
ENSG00000112238,PRDM13,,Yes
ENSG00000147596,PRDM14,,Yes
ENSG00000141956,PRDM15,,Yes
ENSG00000142611,PRDM16,Yes,
ENSG00000116731,PRDM2,,Yes
ENSG00000110851,PRDM4,,Yes
ENSG00000138738,PRDM5,,Yes
ENSG00000061455,PRDM6,,Yes
ENSG00000152784,PRDM8,,Yes
ENSG00000164256,PRDM9,,Yes
ENSG00000185238,PRMT3,,Yes
ENSG00000146587,RBAK,,Yes
ENSG00000131381,RBSN,,Yes
ENSG00000214022,REPIN1,,Yes
ENSG00000084093,REST,,Yes
ENSG00000117000,RLF,Yes,
ENSG00000124782,RREB1,,Yes
ENSG00000103449,SALL1,Yes,
ENSG00000165821,SALL2,,Yes
ENSG00000256463,SALL3,,Yes
ENSG00000101115,SALL4,,Yes
ENSG00000261678,SCRT1,,Yes
ENSG00000215397,SCRT2,,Yes
ENSG00000125520,SLC2A4RG,,Yes
ENSG00000124216,SNAI1,,Yes
ENSG00000019549,SNAI2,,Yes
ENSG00000185669,SNAI3,,Yes
ENSG00000185591,SP1,Yes,
ENSG00000167182,SP2,Yes,
ENSG00000172845,SP3,,Yes
ENSG00000105866,SP4,Yes,
ENSG00000204335,SP5,,Yes
ENSG00000189120,SP6,,Yes
ENSG00000170374,SP7,,Yes
ENSG00000164651,SP8,,Yes
ENSG00000217236,SP9,,Yes
ENSG00000147488,ST18,,Yes
ENSG00000135148,TRAFD1,,Yes
ENSG00000179981,TSHZ1,,Yes
ENSG00000182463,TSHZ2,,Yes
ENSG00000121297,TSHZ3,,Yes
ENSG00000136451,VEZF1,,Yes
ENSG00000011451,WIZ,,Yes
ENSG00000184937,WT1,,Yes
ENSG00000100811,YY1,,Yes
ENSG00000230797,YY2,,Yes
ENSG00000126804,ZBTB1,,Yes
ENSG00000205189,ZBTB10,,Yes
ENSG00000066422,ZBTB11,,Yes
ENSG00000204366,ZBTB12,,Yes
ENSG00000198081,ZBTB14,,Yes
ENSG00000109906,ZBTB16,,Yes
ENSG00000116809,ZBTB17,Yes,
ENSG00000179456,ZBTB18,Yes,
ENSG00000181472,ZBTB2,,Yes
ENSG00000181722,ZBTB20,,Yes
ENSG00000173276,ZBTB21,,Yes
ENSG00000236104,ZBTB22,,Yes
ENSG00000089775,ZBTB25,,Yes
ENSG00000171448,ZBTB26,,Yes
ENSG00000185670,ZBTB3,,Yes
ENSG00000011590,ZBTB32,,Yes
ENSG00000177485,ZBTB33,,Yes
ENSG00000177125,ZBTB34,,Yes
ENSG00000185278,ZBTB37,,Yes
ENSG00000177311,ZBTB38,,Yes
ENSG00000166860,ZBTB39,,Yes
ENSG00000174282,ZBTB4,,Yes
ENSG00000184677,ZBTB40,,Yes
ENSG00000177888,ZBTB41,,Yes
ENSG00000179627,ZBTB42,,Yes
ENSG00000169155,ZBTB43,,Yes
ENSG00000196323,ZBTB44,,Yes
ENSG00000119574,ZBTB45,,Yes
ENSG00000130584,ZBTB46,,Yes
ENSG00000114853,ZBTB47,,Yes
ENSG00000204859,ZBTB48,,Yes
ENSG00000168826,ZBTB49,,Yes
ENSG00000168795,ZBTB5,,Yes
ENSG00000186130,ZBTB6,,Yes
ENSG00000178951,ZBTB7A,,Yes
ENSG00000160685,ZBTB7B,,Yes
ENSG00000184828,ZBTB7C,,Yes
ENSG00000160062,ZBTB8A,,Yes
ENSG00000273274,ZBTB8B,,Yes
ENSG00000213588,ZBTB9,,Yes
ENSG00000066827,ZFAT,,Yes
ENSG00000184517,ZFP1,,Yes
ENSG00000142065,ZFP14,,Yes
ENSG00000198939,ZFP2,,Yes
ENSG00000196867,ZFP28,,Yes
ENSG00000180787,ZFP3,,Yes
ENSG00000120784,ZFP30,,Yes
ENSG00000136866,ZFP37,,Yes
ENSG00000181638,ZFP41,,Yes
ENSG00000179059,ZFP42,,Yes
ENSG00000204644,ZFP57,,Yes
ENSG00000196670,ZFP62,,Yes
ENSG00000020256,ZFP64,,Yes
ENSG00000187815,ZFP69,,Yes
ENSG00000187801,ZFP69B,,Yes
ENSG00000181007,ZFP82,,Yes
ENSG00000184939,ZFP90,,Yes
ENSG00000186660,ZFP91,,Yes
ENSG00000189420,ZFP92,,Yes
ENSG00000179588,ZFPM1,,Yes
ENSG00000169946,ZFPM2,Yes,
ENSG00000005889,ZFX,,Yes
ENSG00000067646,ZFY,,Yes
ENSG00000152977,ZIC1,,Yes
ENSG00000043355,ZIC2,,Yes
ENSG00000156925,ZIC3,,Yes
ENSG00000174963,ZIC4,,Yes
ENSG00000139800,ZIC5,,Yes
ENSG00000171649,ZIK1,,Yes
ENSG00000269699,ZIM2,,Yes
ENSG00000141946,ZIM3,,Yes
ENSG00000106261,ZKSCAN1,,Yes
ENSG00000155592,ZKSCAN2,,Yes
ENSG00000189298,ZKSCAN3,,Yes
ENSG00000187626,ZKSCAN4,,Yes
ENSG00000196652,ZKSCAN5,,Yes
ENSG00000196345,ZKSCAN7,,Yes
ENSG00000198315,ZKSCAN8,,Yes
ENSG00000166432,ZMAT1,,Yes
ENSG00000165061,ZMAT4,,Yes
ENSG00000256223,ZNF10,,Yes
ENSG00000197020,ZNF100,,Yes
ENSG00000181896,ZNF101,,Yes
ENSG00000196247,ZNF107,,Yes
ENSG00000062370,ZNF112,,Yes
ENSG00000178150,ZNF114,,Yes
ENSG00000152926,ZNF117,,Yes
ENSG00000164631,ZNF12,,Yes
ENSG00000197961,ZNF121,,Yes
ENSG00000196418,ZNF124,,Yes
ENSG00000172262,ZNF131,,Yes
ENSG00000131849,ZNF132,,Yes
ENSG00000125846,ZNF133,,Yes
ENSG00000213762,ZNF134,,Yes
ENSG00000176293,ZNF135,,Yes
ENSG00000196646,ZNF136,,Yes
ENSG00000197008,ZNF138,,Yes
ENSG00000105708,ZNF14,,Yes
ENSG00000196387,ZNF140,,Yes
ENSG00000131127,ZNF141,,Yes
ENSG00000115568,ZNF142,,Yes
ENSG00000166478,ZNF143,,Yes
ENSG00000167635,ZNF146,,Yes
ENSG00000163848,ZNF148,,Yes
ENSG00000179909,ZNF154,,Yes
ENSG00000204920,ZNF155,,Yes
ENSG00000147117,ZNF157,,Yes
ENSG00000170631,ZNF16,,Yes
ENSG00000170949,ZNF160,,Yes
ENSG00000197279,ZNF165,,Yes
ENSG00000175787,ZNF169,,Yes
ENSG00000186272,ZNF17,,Yes
ENSG00000103343,ZNF174,,Yes
ENSG00000105497,ZNF175,,Yes
ENSG00000188629,ZNF177,,Yes
ENSG00000154957,ZNF18,,Yes
ENSG00000167384,ZNF180,,Yes
ENSG00000197841,ZNF181,,Yes
ENSG00000147118,ZNF182,,Yes
ENSG00000096654,ZNF184,,Yes
ENSG00000136870,ZNF189,,Yes
ENSG00000157429,ZNF19,,Yes
ENSG00000005801,ZNF195,,Yes
ENSG00000186448,ZNF197,,Yes
ENSG00000275111,ZNF2,,Yes
ENSG00000132010,ZNF20,,Yes
ENSG00000010539,ZNF200,,Yes
ENSG00000166261,ZNF202,,Yes
ENSG00000122386,ZNF205,,Yes
ENSG00000010244,ZNF207,,Yes
ENSG00000160321,ZNF208,,Yes
ENSG00000121417,ZNF211,,Yes
ENSG00000170260,ZNF212,,Yes
ENSG00000085644,ZNF213,,Yes
ENSG00000149050,ZNF214,,Yes
ENSG00000149054,ZNF215,,Yes
ENSG00000171940,ZNF217,,Yes
ENSG00000165804,ZNF219,,Yes
ENSG00000165512,ZNF22,,Yes
ENSG00000159905,ZNF221,,Yes
ENSG00000159885,ZNF222,,Yes
ENSG00000178386,ZNF223,,Yes
ENSG00000267680,ZNF224,,Yes
ENSG00000256294,ZNF225,,Yes
ENSG00000167380,ZNF226,,Yes
ENSG00000131115,ZNF227,,Yes
ENSG00000278318,ZNF229,,Yes
ENSG00000167377,ZNF23,,Yes
ENSG00000159882,ZNF230,,Yes
ENSG00000167840,ZNF232,,Yes
ENSG00000159915,ZNF233,,Yes
ENSG00000263002,ZNF234,,Yes
ENSG00000159917,ZNF235,,Yes
ENSG00000130856,ZNF236,,Yes
ENSG00000196793,ZNF239,,Yes
ENSG00000172466,ZNF24,,Yes
ENSG00000198105,ZNF248,,Yes
ENSG00000175395,ZNF25,,Yes
ENSG00000196150,ZNF250,,Yes
ENSG00000198169,ZNF251,,Yes
ENSG00000256771,ZNF253,,Yes
ENSG00000213096,ZNF254,,Yes
ENSG00000152454,ZNF256,,Yes
ENSG00000197134,ZNF257,,Yes
ENSG00000198393,ZNF26,,Yes
ENSG00000254004,ZNF260,,Yes
ENSG00000006194,ZNF263,,Yes
ENSG00000083844,ZNF264,,Yes
ENSG00000174652,ZNF266,,Yes
ENSG00000185947,ZNF267,,Yes
ENSG00000090612,ZNF268,,Yes
ENSG00000198039,ZNF273,,Yes
ENSG00000171606,ZNF274,,Yes
ENSG00000063587,ZNF275,,Yes
ENSG00000158805,ZNF276,,Yes
ENSG00000198538,ZNF28,,Yes
ENSG00000169548,ZNF280A,,Yes
ENSG00000275004,ZNF280B,,Yes
ENSG00000056277,ZNF280C,,Yes
ENSG00000137871,ZNF280D,,Yes
ENSG00000162702,ZNF281,,Yes
ENSG00000170265,ZNF282,,Yes
ENSG00000167637,ZNF283,,Yes
ENSG00000186026,ZNF284,,Yes
ENSG00000267508,ZNF285,,Yes
ENSG00000187607,ZNF286A,,Yes
ENSG00000249459,ZNF286B,,Yes
ENSG00000141040,ZNF287,,Yes
ENSG00000188994,ZNF292,,Yes
ENSG00000170684,ZNF296,,Yes
ENSG00000166526,ZNF3,,Yes
ENSG00000168661,ZNF30,,Yes
ENSG00000145908,ZNF300,,Yes
ENSG00000089335,ZNF302,,Yes
ENSG00000131845,ZNF304,,Yes
ENSG00000197935,ZNF311,,Yes
ENSG00000205903,ZNF316,,Yes
ENSG00000130803,ZNF317,,Yes
ENSG00000171467,ZNF318,,Yes
ENSG00000166188,ZNF319,,Yes
ENSG00000169740,ZNF32,,Yes
ENSG00000182986,ZNF320,,Yes
ENSG00000181315,ZNF322,,Yes
ENSG00000083812,ZNF324,,Yes
ENSG00000249471,ZNF324B,,Yes
ENSG00000162664,ZNF326,,Yes
ENSG00000181894,ZNF329,,Yes
ENSG00000130844,ZNF331,,Yes
ENSG00000160961,ZNF333,,Yes
ENSG00000198185,ZNF334,,Yes
ENSG00000198026,ZNF335,,Yes
ENSG00000130684,ZNF337,,Yes
ENSG00000189180,ZNF33A,,Yes
ENSG00000196693,ZNF33B,,Yes
ENSG00000196378,ZNF34,,Yes
ENSG00000131061,ZNF341,,Yes
ENSG00000088876,ZNF343,,Yes
ENSG00000251247,ZNF345,,Yes
ENSG00000113761,ZNF346,,Yes
ENSG00000197937,ZNF347,,Yes
ENSG00000169981,ZNF35,,Yes
ENSG00000256683,ZNF350,,Yes
ENSG00000169131,ZNF354A,,Yes
ENSG00000178338,ZNF354B,,Yes
ENSG00000177932,ZNF354C,,Yes
ENSG00000198816,ZNF358,,Yes
ENSG00000160094,ZNF362,Yes,
ENSG00000138311,ZNF365,,Yes
ENSG00000178175,ZNF366,,Yes
ENSG00000165244,ZNF367,,Yes
ENSG00000075407,ZNF37A,,Yes
ENSG00000161298,ZNF382,,Yes
ENSG00000188283,ZNF383,,Yes
ENSG00000126746,ZNF384,,Yes
ENSG00000161642,ZNF385A,,Yes
ENSG00000144331,ZNF385B,,Yes
ENSG00000187595,ZNF385C,,Yes
ENSG00000151789,ZNF385D,,Yes
ENSG00000124613,ZNF391,,Yes
ENSG00000160908,ZNF394,,Yes
ENSG00000186918,ZNF395,,Yes
ENSG00000186496,ZNF396,,Yes
ENSG00000186812,ZNF397,,Yes
ENSG00000197024,ZNF398,,Yes
ENSG00000176222,ZNF404,,Yes
ENSG00000215421,ZNF407,,Yes
ENSG00000175213,ZNF408,,Yes
ENSG00000147124,ZNF41,,Yes
ENSG00000119725,ZNF410,,Yes
ENSG00000133250,ZNF414,,Yes
ENSG00000170954,ZNF415,,Yes
ENSG00000083817,ZNF416,,Yes
ENSG00000173480,ZNF417,,Yes
ENSG00000196724,ZNF418,,Yes
ENSG00000105136,ZNF419,,Yes
ENSG00000197050,ZNF420,,Yes
ENSG00000102935,ZNF423,Yes,
ENSG00000204947,ZNF425,,Yes
ENSG00000130818,ZNF426,,Yes
ENSG00000131116,ZNF428,,Yes
ENSG00000197013,ZNF429,,Yes
ENSG00000198521,ZNF43,,Yes
ENSG00000118620,ZNF430,,Yes
ENSG00000196705,ZNF431,,Yes
ENSG00000256087,ZNF432,,Yes
ENSG00000197647,ZNF433,,Yes
ENSG00000125945,ZNF436,,Yes
ENSG00000183621,ZNF438,,Yes
ENSG00000171291,ZNF439,,Yes
ENSG00000197857,ZNF44,,Yes
ENSG00000171295,ZNF440,,Yes
ENSG00000197044,ZNF441,,Yes
ENSG00000198342,ZNF442,,Yes
ENSG00000180855,ZNF443,,Yes
ENSG00000167685,ZNF444,,Yes
ENSG00000185219,ZNF445,,Yes
ENSG00000083838,ZNF446,,Yes
ENSG00000173275,ZNF449,,Yes
ENSG00000124459,ZNF45,,Yes
ENSG00000112200,ZNF451,,Yes
ENSG00000178187,ZNF454,,Yes
ENSG00000197714,ZNF460,,Yes
ENSG00000197808,ZNF461,,Yes
ENSG00000148143,ZNF462,,Yes
ENSG00000181444,ZNF467,,Yes
ENSG00000204604,ZNF468,,Yes
ENSG00000225614,ZNF469,,Yes
ENSG00000197016,ZNF470,,Yes
ENSG00000196263,ZNF471,,Yes
ENSG00000142528,ZNF473,,Yes
ENSG00000164185,ZNF474,,Yes
ENSG00000185177,ZNF479,,Yes
ENSG00000180035,ZNF48,,Yes
ENSG00000198464,ZNF480,,Yes
ENSG00000173258,ZNF483,,Yes
ENSG00000127081,ZNF484,,Yes
ENSG00000198298,ZNF485,,Yes
ENSG00000256229,ZNF486,,Yes
ENSG00000243660,ZNF487,,Yes
ENSG00000265763,ZNF488,,Yes
ENSG00000188033,ZNF490,,Yes
ENSG00000177599,ZNF491,,Yes
ENSG00000229676,ZNF492,,Yes
ENSG00000196268,ZNF493,,Yes
ENSG00000162714,ZNF496,,Yes
ENSG00000174586,ZNF497,,Yes
ENSG00000103199,ZNF500,,Yes
ENSG00000186446,ZNF501,,Yes
ENSG00000196653,ZNF502,,Yes
ENSG00000165655,ZNF503,,Yes
ENSG00000081665,ZNF506,,Yes
ENSG00000168813,ZNF507,,Yes
ENSG00000081386,ZNF510,,Yes
ENSG00000198546,ZNF511,,Yes
ENSG00000196700,ZNF512B,,Yes
ENSG00000163795,ZNF513,,Yes
ENSG00000144026,ZNF514,,Yes
ENSG00000101493,ZNF516,,Yes
ENSG00000197363,ZNF517,,Yes
ENSG00000177853,ZNF518A,,Yes
ENSG00000178163,ZNF518B,,Yes
ENSG00000175322,ZNF519,,Yes
ENSG00000198795,ZNF521,,Yes
ENSG00000203326,ZNF525,,Yes
ENSG00000167625,ZNF526,,Yes
ENSG00000189164,ZNF527,,Yes
ENSG00000167555,ZNF528,,Yes
ENSG00000186020,ZNF529,,Yes
ENSG00000183647,ZNF530,,Yes
ENSG00000074657,ZNF532,,Yes
ENSG00000198633,ZNF534,,Yes
ENSG00000198597,ZNF536,,Yes
ENSG00000171817,ZNF540,,Yes
ENSG00000178229,ZNF543,,Yes
ENSG00000198131,ZNF544,,Yes
ENSG00000187187,ZNF546,,Yes
ENSG00000152433,ZNF547,,Yes
ENSG00000188785,ZNF548,,Yes
ENSG00000121406,ZNF549,,Yes
ENSG00000251369,ZNF550,,Yes
ENSG00000204519,ZNF551,,Yes
ENSG00000178935,ZNF552,,Yes
ENSG00000172006,ZNF554,,Yes
ENSG00000186300,ZNF555,,Yes
ENSG00000172000,ZNF556,,Yes
ENSG00000130544,ZNF557,,Yes
ENSG00000167785,ZNF558,,Yes
ENSG00000188321,ZNF559,,Yes
ENSG00000198028,ZNF560,,Yes
ENSG00000171469,ZNF561,,Yes
ENSG00000171466,ZNF562,,Yes
ENSG00000188868,ZNF563,,Yes
ENSG00000249709,ZNF564,,Yes
ENSG00000196357,ZNF565,,Yes
ENSG00000186017,ZNF566,,Yes
ENSG00000189042,ZNF567,,Yes
ENSG00000198453,ZNF568,,Yes
ENSG00000196437,ZNF569,,Yes
ENSG00000171970,ZNF57,,Yes
ENSG00000171827,ZNF570,,Yes
ENSG00000180479,ZNF571,,Yes
ENSG00000180938,ZNF572,,Yes
ENSG00000189144,ZNF573,,Yes
ENSG00000105732,ZNF574,,Yes
ENSG00000176472,ZNF575,,Yes
ENSG00000124444,ZNF576,,Yes
ENSG00000161551,ZNF577,,Yes
ENSG00000258405,ZNF578,,Yes
ENSG00000218891,ZNF579,,Yes
ENSG00000213015,ZNF580,,Yes
ENSG00000171425,ZNF581,,Yes
ENSG00000018869,ZNF582,,Yes
ENSG00000198440,ZNF583,,Yes
ENSG00000171574,ZNF584,,Yes
ENSG00000196967,ZNF585A,,Yes
ENSG00000245680,ZNF585B,,Yes
ENSG00000083828,ZNF586,,Yes
ENSG00000198466,ZNF587,,Yes
ENSG00000269343,ZNF587B,,Yes
ENSG00000164048,ZNF589,,Yes
ENSG00000166716,ZNF592,,Yes
ENSG00000180626,ZNF594,,Yes
ENSG00000272602,ZNF595,,Yes
ENSG00000172748,ZNF596,,Yes
ENSG00000167981,ZNF597,,Yes
ENSG00000167962,ZNF598,,Yes
ENSG00000153896,ZNF599,,Yes
ENSG00000189190,ZNF600,,Yes
ENSG00000196458,ZNF605,,Yes
ENSG00000166704,ZNF606,,Yes
ENSG00000198182,ZNF607,,Yes
ENSG00000168916,ZNF608,Yes,
ENSG00000180357,ZNF609,Yes,
ENSG00000167554,ZNF610,,Yes
ENSG00000213020,ZNF611,,Yes
ENSG00000176024,ZNF613,,Yes
ENSG00000142556,ZNF614,,Yes
ENSG00000197619,ZNF615,,Yes
ENSG00000204611,ZNF616,,Yes
ENSG00000157657,ZNF618,,Yes
ENSG00000177873,ZNF619,,Yes
ENSG00000177842,ZNF620,,Yes
ENSG00000172888,ZNF621,,Yes
ENSG00000183309,ZNF623,,Yes
ENSG00000197566,ZNF624,,Yes
ENSG00000257591,ZNF625,,Yes
ENSG00000188171,ZNF626,,Yes
ENSG00000198551,ZNF627,,Yes
ENSG00000197483,ZNF628,,Yes
ENSG00000102870,ZNF629,Yes,
ENSG00000221994,ZNF630,,Yes
ENSG00000121864,ZNF639,,Yes
ENSG00000167528,ZNF641,,Yes
ENSG00000122482,ZNF644,,Yes
ENSG00000175809,ZNF645,,Yes
ENSG00000167395,ZNF646,,Yes
ENSG00000179930,ZNF648,,Yes
ENSG00000198093,ZNF649,,Yes
ENSG00000198740,ZNF652,,Yes
ENSG00000175105,ZNF654,,Yes
ENSG00000197343,ZNF655,,Yes
ENSG00000274349,ZNF658,,Yes
ENSG00000160229,ZNF66,,Yes
ENSG00000144792,ZNF660,,Yes
ENSG00000182983,ZNF662,,Yes
ENSG00000179195,ZNF664,,Yes
ENSG00000197497,ZNF665,,Yes
ENSG00000198046,ZNF667,,Yes
ENSG00000167394,ZNF668,,Yes
ENSG00000188295,ZNF669,,Yes
ENSG00000277462,ZNF670,,Yes
ENSG00000083814,ZNF671,,Yes
ENSG00000171161,ZNF672,,Yes
ENSG00000251192,ZNF674,,Yes
ENSG00000197372,ZNF675,,Yes
ENSG00000196109,ZNF676,,Yes
ENSG00000197928,ZNF677,,Yes
ENSG00000181450,ZNF678,,Yes
ENSG00000197123,ZNF679,,Yes
ENSG00000173041,ZNF680,,Yes
ENSG00000196172,ZNF681,,Yes
ENSG00000197124,ZNF682,,Yes
ENSG00000176083,ZNF683,,Yes
ENSG00000117010,ZNF684,,Yes
ENSG00000143373,ZNF687,Yes,
ENSG00000229809,ZNF688,,Yes
ENSG00000156853,ZNF689,,Yes
ENSG00000198429,ZNF69,,Yes
ENSG00000164011,ZNF691,,Yes
ENSG00000171163,ZNF692,,Yes
ENSG00000197472,ZNF695,,Yes
ENSG00000185730,ZNF696,,Yes
ENSG00000143067,ZNF697,,Yes
ENSG00000196110,ZNF699,,Yes
ENSG00000147789,ZNF7,,Yes
ENSG00000187792,ZNF70,,Yes
ENSG00000196757,ZNF700,,Yes
ENSG00000167562,ZNF701,,Yes
ENSG00000183779,ZNF703,,Yes
ENSG00000164684,ZNF704,Yes,
ENSG00000196946,ZNF705A,,Yes
ENSG00000215356,ZNF705B,,Yes
ENSG00000215343,ZNF705D,,Yes
ENSG00000214534,ZNF705E,,Yes
ENSG00000215372,ZNF705G,,Yes
ENSG00000120963,ZNF706,,Yes
ENSG00000181135,ZNF707,,Yes
ENSG00000182141,ZNF708,,Yes
ENSG00000242852,ZNF709,,Yes
ENSG00000197951,ZNF71,,Yes
ENSG00000140548,ZNF710,Yes,
ENSG00000147180,ZNF711,,Yes
ENSG00000178665,ZNF713,,Yes
ENSG00000160352,ZNF714,,Yes
ENSG00000182111,ZNF716,,Yes
ENSG00000227124,ZNF717,,Yes
ENSG00000250312,ZNF718,,Yes
ENSG00000182903,ZNF721,,Yes
ENSG00000196081,ZNF724,,Yes
ENSG00000213967,ZNF726,,Yes
ENSG00000214652,ZNF727,,Yes
ENSG00000269067,ZNF728,,Yes
ENSG00000196350,ZNF729,,Yes
ENSG00000183850,ZNF730,,Yes
ENSG00000186777,ZNF732,,Yes
ENSG00000223614,ZNF735,,Yes
ENSG00000234444,ZNF736,,Yes
ENSG00000237440,ZNF737,,Yes
ENSG00000185252,ZNF74,,Yes
ENSG00000139651,ZNF740,,Yes
ENSG00000181220,ZNF746,,Yes
ENSG00000169955,ZNF747,,Yes
ENSG00000186230,ZNF749,,Yes
ENSG00000141579,ZNF750,,Yes
ENSG00000162086,ZNF75A,,Yes
ENSG00000186376,ZNF75D,,Yes
ENSG00000065029,ZNF76,,Yes
ENSG00000160336,ZNF761,,Yes
ENSG00000197054,ZNF763,,Yes
ENSG00000169951,ZNF764,,Yes
ENSG00000196417,ZNF765,,Yes
ENSG00000196214,ZNF766,,Yes
ENSG00000169957,ZNF768,,Yes
ENSG00000175691,ZNF77,,Yes
ENSG00000198146,ZNF770,,Yes
ENSG00000179965,ZNF771,,Yes
ENSG00000197128,ZNF772,,Yes
ENSG00000152439,ZNF773,,Yes
ENSG00000196391,ZNF774,,Yes
ENSG00000196456,ZNF775,,Yes
ENSG00000152443,ZNF776,,Yes
ENSG00000196453,ZNF777,,Yes
ENSG00000170100,ZNF778,,Yes
ENSG00000197782,ZNF780A,,Yes
ENSG00000128000,ZNF780B,,Yes
ENSG00000196381,ZNF781,,Yes
ENSG00000196597,ZNF782,,Yes
ENSG00000204946,ZNF783,,Yes
ENSG00000179922,ZNF784,,Yes
ENSG00000197162,ZNF785,,Yes
ENSG00000197362,ZNF786,,Yes
ENSG00000142409,ZNF787,,Yes
ENSG00000214189,ZNF788,,Yes
ENSG00000198556,ZNF789,,Yes
ENSG00000196152,ZNF79,,Yes
ENSG00000197863,ZNF790,,Yes
ENSG00000173875,ZNF791,,Yes
ENSG00000180884,ZNF792,,Yes
ENSG00000188227,ZNF793,,Yes
ENSG00000196466,ZNF799,,Yes
ENSG00000278129,ZNF8,,Yes
ENSG00000174255,ZNF80,,Yes
ENSG00000048405,ZNF800,,Yes
ENSG00000170396,ZNF804A,,Yes
ENSG00000182348,ZNF804B,,Yes
ENSG00000204524,ZNF805,,Yes
ENSG00000198482,ZNF808,,Yes
ENSG00000197779,ZNF81,,Yes
ENSG00000198346,ZNF813,,Yes
ENSG00000204514,ZNF814,,Yes
ENSG00000180257,ZNF816,,Yes
ENSG00000102984,ZNF821,,Yes
ENSG00000197933,ZNF823,,Yes
ENSG00000151612,ZNF827,,Yes
ENSG00000185869,ZNF829,,Yes
ENSG00000167766,ZNF83,,Yes
ENSG00000198783,ZNF830,,Yes
ENSG00000124203,ZNF831,,Yes
ENSG00000127903,ZNF835,,Yes
ENSG00000196267,ZNF836,,Yes
ENSG00000152475,ZNF837,,Yes
ENSG00000198040,ZNF84,,Yes
ENSG00000197608,ZNF841,,Yes
ENSG00000176723,ZNF843,,Yes
ENSG00000223547,ZNF844,,Yes
ENSG00000213799,ZNF845,,Yes
ENSG00000196605,ZNF846,,Yes
ENSG00000105750,ZNF85,,Yes
ENSG00000267041,ZNF850,,Yes
ENSG00000178917,ZNF852,,Yes
ENSG00000236609,ZNF853,,Yes
ENSG00000197385,ZNF860,,Yes
ENSG00000261221,ZNF865,,Yes
ENSG00000257446,ZNF878,,Yes
ENSG00000234284,ZNF879,,Yes
ENSG00000221923,ZNF880,,Yes
ENSG00000228623,ZNF883,,Yes
ENSG00000213793,ZNF888,,Yes
ENSG00000214029,ZNF891,,Yes
ENSG00000213988,ZNF90,,Yes
ENSG00000167232,ZNF91,,Yes
ENSG00000146757,ZNF92,,Yes
ENSG00000184635,ZNF93,,Yes
ENSG00000197360,ZNF98,,Yes
ENSG00000213973,ZNF99,,Yes
ENSG00000152467,ZSCAN1,,Yes
ENSG00000130182,ZSCAN10,,Yes
ENSG00000158691,ZSCAN12,,Yes
ENSG00000196812,ZSCAN16,,Yes
ENSG00000121413,ZSCAN18,,Yes
ENSG00000176371,ZSCAN2,,Yes
ENSG00000121903,ZSCAN20,,Yes
ENSG00000166529,ZSCAN21,,Yes
ENSG00000182318,ZSCAN22,,Yes
ENSG00000187987,ZSCAN23,,Yes
ENSG00000197037,ZSCAN25,,Yes
ENSG00000197062,ZSCAN26,,Yes
ENSG00000140265,ZSCAN29,,Yes
ENSG00000186814,ZSCAN30,,Yes
ENSG00000235109,ZSCAN31,,Yes
ENSG00000140987,ZSCAN32,,Yes
ENSG00000180532,ZSCAN4,,Yes
ENSG00000131848,ZSCAN5A,,Yes
ENSG00000197213,ZSCAN5B,,Yes
ENSG00000204532,ZSCAN5C,,Yes
ENSG00000137185,ZSCAN9,,Yes
ENSG00000153975,ZUFSP,,Yes
ENSG00000198205,ZXDA,,Yes
ENSG00000198455,ZXDB,,Yes
ENSG00000070476,ZXDC,,Yes
ENSG00000100105,PATZ1,,Yes
ENSG00000112365,ZBTB24,,Yes
ENSG00000171443,ZNF524,,Yes
ENSG00000161914,ZNF653,,Yes
ENSG00000198839,ZNF277,,Yes
ENSG00000243943,ZNF512,,Yes
ENSG00000148516,ZEB1,Yes,
ENSG00000169554,ZEB2,Yes,
ENSG00000140836,ZFHX3,,Yes
ENSG00000091656,ZFHX4,Yes,
ENSG00000124496,TRERF1,Yes,
ENSG00000118156,ZNF541,,Yes
ENSG00000001167,NFYA,,Yes
ENSG00000139793,MBNL2,Yes,
ENSG00000144161,ZC3H8,,Yes
ENSG00000197114,ZGPAT,,Yes
ENSG00000125817,CENPB,,Yes
ENSG00000177946,CENPBD1,,Yes
ENSG00000234616,JRK,,Yes
ENSG00000183340,JRKL,,Yes
ENSG00000221944,TIGD1,,Yes
ENSG00000180346,TIGD2,,Yes
ENSG00000173825,TIGD3,,Yes
ENSG00000169989,TIGD4,,Yes
ENSG00000179886,TIGD5,,Yes
ENSG00000164296,TIGD6,,Yes
ENSG00000140993,TIGD7,,Yes
ENSG00000171735,CAMTA1,,Yes
ENSG00000108509,CAMTA2,,Yes
ENSG00000131914,LIN28A,,Yes
ENSG00000187772,LIN28B,,Yes
ENSG00000065978,YBX1,,Yes
ENSG00000006047,YBX2,,Yes
ENSG00000060138,YBX3,,Yes
ENSG00000168214,RBPJ,,Yes
ENSG00000124232,RBPJL,,Yes
ENSG00000257923,CUX1,,Yes
ENSG00000111249,CUX2,Yes,
ENSG00000169856,ONECUT1,,Yes
ENSG00000119547,ONECUT2,Yes,
ENSG00000205922,ONECUT3,,Yes
ENSG00000182568,SATB1,,Yes
ENSG00000119042,SATB2,,Yes
ENSG00000154832,CXXC1,,Yes
ENSG00000168772,CXXC4,,Yes
ENSG00000171604,CXXC5,,Yes
ENSG00000130816,DNMT1,,Yes
ENSG00000099364,FBXL19,,Yes
ENSG00000173120,KDM2A,,Yes
ENSG00000089094,KDM2B,,Yes
ENSG00000138336,TET1,,Yes
ENSG00000187605,TET3,Yes,
ENSG00000118058,KMT2A,,Yes
ENSG00000272333,KMT2B,,Yes
ENSG00000137090,DMRT1,,Yes
ENSG00000173253,DMRT2,,Yes
ENSG00000064218,DMRT3,,Yes
ENSG00000176399,DMRTA1,,Yes
ENSG00000142700,DMRTA2,,Yes
ENSG00000143006,DMRTB1,,Yes
ENSG00000142025,DMRTC2,,Yes
ENSG00000101412,E2F1,Yes,
ENSG00000007968,E2F2,,Yes
ENSG00000112242,E2F3,,Yes
ENSG00000205250,E2F4,,Yes
ENSG00000133740,E2F5,,Yes
ENSG00000169016,E2F6,,Yes
ENSG00000165891,E2F7,,Yes
ENSG00000129173,E2F8,Yes,
ENSG00000198176,TFDP1,,Yes
ENSG00000114126,TFDP2,,Yes
ENSG00000183434,TFDP3,,Yes
ENSG00000164330,EBF1,,Yes
ENSG00000221818,EBF2,,Yes
ENSG00000108001,EBF3,,Yes
ENSG00000088881,EBF4,,Yes
ENSG00000135373,EHF,,Yes
ENSG00000120690,ELF1,,Yes
ENSG00000109381,ELF2,,Yes
ENSG00000102034,ELF4,,Yes
ENSG00000135374,ELF5,,Yes
ENSG00000126767,ELK1,,Yes
ENSG00000111145,ELK3,,Yes
ENSG00000158711,ELK4,,Yes
ENSG00000105722,ERF,,Yes
ENSG00000157554,ERG,,Yes
ENSG00000134954,ETS1,,Yes
ENSG00000157557,ETS2,,Yes
ENSG00000006468,ETV1,,Yes
ENSG00000105672,ETV2,,Yes
ENSG00000117036,ETV3,,Yes
ENSG00000253831,ETV3L,,Yes
ENSG00000175832,ETV4,,Yes
ENSG00000244405,ETV5,,Yes
ENSG00000139083,ETV6,Yes,
ENSG00000010030,ETV7,,Yes
ENSG00000163497,FEV,,Yes
ENSG00000151702,FLI1,,Yes
ENSG00000154727,GABPA,,Yes
ENSG00000124664,SPDEF,,Yes
ENSG00000066336,SPI1,,Yes
ENSG00000269404,SPIB,,Yes
ENSG00000166211,SPIC,,Yes
ENSG00000163435,ELF3,,Yes
ENSG00000059122,FLYWCH1,,Yes
ENSG00000129514,FOXA1,,Yes
ENSG00000125798,FOXA2,,Yes
ENSG00000170608,FOXA3,,Yes
ENSG00000171956,FOXB1,,Yes
ENSG00000204612,FOXB2,,Yes
ENSG00000054598,FOXC1,,Yes
ENSG00000176692,FOXC2,,Yes
ENSG00000251493,FOXD1,,Yes
ENSG00000186564,FOXD2,,Yes
ENSG00000187140,FOXD3,,Yes
ENSG00000170122,FOXD4,,Yes
ENSG00000184492,FOXD4L1,,Yes
ENSG00000187559,FOXD4L3,,Yes
ENSG00000184659,FOXD4L4,,Yes
ENSG00000204779,FOXD4L5,,Yes
ENSG00000273514,FOXD4L6,,Yes
ENSG00000178919,FOXE1,,Yes
ENSG00000186790,FOXE3,,Yes
ENSG00000103241,FOXF1,,Yes
ENSG00000137273,FOXF2,,Yes
ENSG00000176165,FOXG1,,Yes
ENSG00000160973,FOXH1,,Yes
ENSG00000168269,FOXI1,,Yes
ENSG00000186766,FOXI2,,Yes
ENSG00000214336,FOXI3,,Yes
ENSG00000129654,FOXJ1,,Yes
ENSG00000065970,FOXJ2,Yes,
ENSG00000198815,FOXJ3,Yes,
ENSG00000164916,FOXK1,,Yes
ENSG00000141568,FOXK2,,Yes
ENSG00000176678,FOXL1,,Yes
ENSG00000183770,FOXL2,,Yes
ENSG00000111206,FOXM1,,Yes
ENSG00000109101,FOXN1,,Yes
ENSG00000170802,FOXN2,,Yes
ENSG00000053254,FOXN3,,Yes
ENSG00000139445,FOXN4,,Yes
ENSG00000150907,FOXO1,Yes,
ENSG00000118689,FOXO3,,Yes
ENSG00000184481,FOXO4,,Yes
ENSG00000204060,FOXO6,,Yes
ENSG00000114861,FOXP1,,Yes
ENSG00000128573,FOXP2,Yes,
ENSG00000049768,FOXP3,,Yes
ENSG00000137166,FOXP4,,Yes
ENSG00000164379,FOXQ1,,Yes
ENSG00000176302,FOXR1,,Yes
ENSG00000189299,FOXR2,,Yes
ENSG00000179772,FOXS1,,Yes
ENSG00000102145,GATA1,,Yes
ENSG00000179348,GATA2,Yes,
ENSG00000107485,GATA3,,Yes
ENSG00000136574,GATA4,,Yes
ENSG00000130700,GATA5,,Yes
ENSG00000141448,GATA6,,Yes
ENSG00000167491,GATAD2A,,Yes
ENSG00000143614,GATAD2B,,Yes
ENSG00000104447,TRPS1,,Yes
ENSG00000220201,ZGLP1,,Yes
ENSG00000137270,GCM1,Yes,
ENSG00000124827,GCM2,,Yes
ENSG00000134317,GRHL1,Yes,
ENSG00000083307,GRHL2,Yes,
ENSG00000158055,GRHL3,Yes,
ENSG00000135457,TFCP2,,Yes
ENSG00000115112,TFCP2L1,Yes,
ENSG00000153560,UBP1,,Yes
ENSG00000263001,GTF2I,,Yes
ENSG00000006704,GTF2IRD1,,Yes
ENSG00000196275,GTF2IRD2,,Yes
ENSG00000174428,GTF2IRD2B,,Yes
ENSG00000114439,BBX,,Yes
ENSG00000079432,CIC,,Yes
ENSG00000105856,HBP1,,Yes
ENSG00000140382,HMG20A,,Yes
ENSG00000064961,HMG20B,,Yes
ENSG00000118418,HMGN3,,Yes
ENSG00000138795,LEF1,Yes,
ENSG00000182968,SOX1,,Yes
ENSG00000100146,SOX10,,Yes
ENSG00000176887,SOX11,,Yes
ENSG00000177732,SOX12,,Yes
ENSG00000143842,SOX13,,Yes
ENSG00000168875,SOX14,,Yes
ENSG00000129194,SOX15,,Yes
ENSG00000164736,SOX17,,Yes
ENSG00000203883,SOX18,,Yes
ENSG00000181449,SOX2,,Yes
ENSG00000125285,SOX21,,Yes
ENSG00000134595,SOX3,,Yes
ENSG00000039600,SOX30,,Yes
ENSG00000124766,SOX4,,Yes
ENSG00000134532,SOX5,,Yes
ENSG00000110693,SOX6,,Yes
ENSG00000171056,SOX7,,Yes
ENSG00000005513,SOX8,,Yes
ENSG00000125398,SOX9,Yes,
ENSG00000184895,SRY,,Yes
ENSG00000081059,TCF7,,Yes
ENSG00000152284,TCF7L1,,Yes
ENSG00000148737,TCF7L2,,Yes
ENSG00000101126,ADNP,,Yes
ENSG00000101544,ADNP2,,Yes
ENSG00000180318,ALX1,,Yes
ENSG00000156150,ALX3,,Yes
ENSG00000052850,ALX4,,Yes
ENSG00000227059,ANHX,,Yes
ENSG00000186103,ARGFX,,Yes
ENSG00000004848,ARX,,Yes
ENSG00000125492,BARHL1,,Yes
ENSG00000143032,BARHL2,,Yes
ENSG00000131668,BARX1,,Yes
ENSG00000043039,BARX2,,Yes
ENSG00000188909,BSX,,Yes
ENSG00000113722,CDX1,,Yes
ENSG00000165556,CDX2,,Yes
ENSG00000131264,CDX4,,Yes
ENSG00000105392,CRX,,Yes
ENSG00000109851,DBX1,,Yes
ENSG00000185610,DBX2,,Yes
ENSG00000144355,DLX1,Yes,
ENSG00000115844,DLX2,,Yes
ENSG00000064195,DLX3,,Yes
ENSG00000108813,DLX4,,Yes
ENSG00000105880,DLX5,,Yes
ENSG00000006377,DLX6,,Yes
ENSG00000197587,DMBX1,,Yes
ENSG00000204595,DPRX,,Yes
ENSG00000165606,DRGX,,Yes
DUX1_HUMAN,DUX1,,Yes
DUX3_HUMAN,DUX3,,Yes
ENSG00000260596,DUX4,,Yes
ENSG00000258873,DUXA,,Yes
ENSG00000135638,EMX1,,Yes
ENSG00000170370,EMX2,Yes,
ENSG00000163064,EN1,,Yes
ENSG00000164778,EN2,,Yes
ENSG00000123576,ESX1,,Yes
ENSG00000106038,EVX1,,Yes
ENSG00000174279,EVX2,,Yes
ENSG00000164900,GBX1,,Yes
ENSG00000168505,GBX2,,Yes
ENSG00000133937,GSC,,Yes
ENSG00000063515,GSC2,,Yes
ENSG00000169840,GSX1,,Yes
ENSG00000180613,GSX2,,Yes
ENSG00000165259,HDX,,Yes
ENSG00000163666,HESX1,,Yes
ENSG00000152804,HHEX,,Yes
ENSG00000136630,HLX,,Yes
ENSG00000147421,HMBOX1,,Yes
ENSG00000215612,HMX1,,Yes
ENSG00000188816,HMX2,,Yes
ENSG00000188620,HMX3,,Yes
ENSG00000135100,HNF1A,,Yes
ENSG00000275410,HNF1B,,Yes
ENSG00000215271,HOMEZ,,Yes
ENSG00000105991,HOXA1,,Yes
ENSG00000253293,HOXA10,,Yes
ENSG00000005073,HOXA11,,Yes
ENSG00000106031,HOXA13,,Yes
ENSG00000105996,HOXA2,,Yes
ENSG00000105997,HOXA3,,Yes
ENSG00000197576,HOXA4,,Yes
ENSG00000106004,HOXA5,,Yes
ENSG00000106006,HOXA6,,Yes
ENSG00000122592,HOXA7,,Yes
ENSG00000078399,HOXA9,,Yes
ENSG00000120094,HOXB1,,Yes
ENSG00000159184,HOXB13,,Yes
ENSG00000173917,HOXB2,,Yes
ENSG00000120093,HOXB3,,Yes
ENSG00000182742,HOXB4,,Yes
ENSG00000120075,HOXB5,,Yes
ENSG00000108511,HOXB6,,Yes
ENSG00000260027,HOXB7,,Yes
ENSG00000120068,HOXB8,,Yes
ENSG00000170689,HOXB9,,Yes
ENSG00000180818,HOXC10,,Yes
ENSG00000123388,HOXC11,,Yes
ENSG00000123407,HOXC12,,Yes
ENSG00000123364,HOXC13,,Yes
ENSG00000198353,HOXC4,,Yes
ENSG00000172789,HOXC5,,Yes
ENSG00000197757,HOXC6,Yes,
ENSG00000037965,HOXC8,,Yes
ENSG00000180806,HOXC9,,Yes
ENSG00000128645,HOXD1,,Yes
ENSG00000128710,HOXD10,,Yes
ENSG00000128713,HOXD11,,Yes
ENSG00000170178,HOXD12,,Yes
ENSG00000128714,HOXD13,,Yes
ENSG00000128652,HOXD3,,Yes
ENSG00000170166,HOXD4,,Yes
ENSG00000175879,HOXD8,,Yes
ENSG00000128709,HOXD9,,Yes
ENSG00000170549,IRX1,,Yes
ENSG00000170561,IRX2,,Yes
ENSG00000177508,IRX3,,Yes
ENSG00000113430,IRX4,,Yes
ENSG00000176842,IRX5,,Yes
ENSG00000159387,IRX6,,Yes
ENSG00000016082,ISL1,,Yes
ENSG00000159556,ISL2,,Yes
ENSG00000175329,ISX,,Yes
ENSG00000138136,LBX1,,Yes
ENSG00000179528,LBX2,,Yes
ENSG00000213921,LEUTX,,Yes
ENSG00000273706,LHX1,,Yes
ENSG00000106689,LHX2,Yes,
ENSG00000107187,LHX3,,Yes
ENSG00000121454,LHX4,,Yes
ENSG00000089116,LHX5,,Yes
ENSG00000106852,LHX6,Yes,
ENSG00000162624,LHX8,,Yes
ENSG00000143355,LHX9,Yes,
ENSG00000162761,LMX1A,Yes,
ENSG00000136944,LMX1B,,Yes
ENSG00000143995,MEIS1,,Yes
ENSG00000134138,MEIS2,,Yes
ENSG00000105419,MEIS3,,Yes
ENSG00000005102,MEOX1,,Yes
ENSG00000106511,MEOX2,,Yes
ENSG00000185155,MIXL1,,Yes
ENSG00000150051,MKX,,Yes
ENSG00000130675,MNX1,,Yes
ENSG00000163132,MSX1,,Yes
ENSG00000120149,MSX2,,Yes
ENSG00000111704,OG,,Yes
ENSG00000205857,OGNB,,Yes
ENSG00000255192,OGP8,,Yes
ENSG00000235608,NKX1-1,,Yes
ENSG00000229544,NKX1-2,,Yes
ENSG00000136352,NKX2-1,,Yes
ENSG00000125820,NKX2-2,,Yes
ENSG00000119919,NKX2-3,,Yes
ENSG00000125816,NKX2-4,,Yes
ENSG00000183072,NKX2-5,,Yes
ENSG00000180053,NKX2-6,,Yes
ENSG00000136327,NKX2-8,,Yes
ENSG00000167034,NKX3-1,,Yes
ENSG00000109705,NKX3-2,,Yes
ENSG00000163623,NKX6-1,,Yes
ENSG00000148826,NKX6-2,,Yes
ENSG00000165066,NKX6-3,,Yes
ENSG00000106410,NOBOX,,Yes
ENSG00000214513,NOTO,,Yes
ENSG00000171540,OTP,,Yes
ENSG00000115507,OTX1,,Yes
ENSG00000165588,OTX2,,Yes
ENSG00000185630,PBX1,,Yes
ENSG00000204304,PBX2,,Yes
ENSG00000167081,PBX3,,Yes
ENSG00000105717,PBX4,,Yes
ENSG00000139515,PDX1,,Yes
ENSG00000165462,PHOX2A,,Yes
ENSG00000109132,PHOX2B,,Yes
ENSG00000069011,PITX1,,Yes
ENSG00000164093,PITX2,,Yes
ENSG00000107859,PITX3,,Yes
ENSG00000160199,PKNOX1,,Yes
ENSG00000165495,PKNOX2,,Yes
ENSG00000175325,PROP1,,Yes
ENSG00000116132,PRRX1,,Yes
ENSG00000167157,PRRX2,,Yes
ENSG00000134438,RAX,,Yes
ENSG00000173976,RAX2,,Yes
ENSG00000101883,RHOXF1,,Yes
ENSG00000131721,RHOXF2,,Yes
ENSG00000203989,RHOXF2B,,Yes
ENSG00000274529,SEBOX,,Yes
ENSG00000185960,SHOX,,Yes
ENSG00000168779,SHOX2,,Yes
ENSG00000126778,SIX1,,Yes
ENSG00000170577,SIX2,,Yes
ENSG00000138083,SIX3,,Yes
ENSG00000100625,SIX4,,Yes
ENSG00000177045,SIX5,,Yes
ENSG00000184302,SIX6,,Yes
ENSG00000177426,TGIF1,,Yes
ENSG00000118707,TGIF2,,Yes
ENSG00000153779,TGIF2LX,,Yes
ENSG00000176679,TGIF2LY,,Yes
ENSG00000107807,TLX1,,Yes
ENSG00000115297,TLX2,,Yes
ENSG00000164438,TLX3,,Yes
ENSG00000178928,TPRX1,,Yes
ENSG00000164853,UNCX,,Yes
ENSG00000148704,VAX1,,Yes
ENSG00000116035,VAX2,,Yes
ENSG00000151650,VENTX,,Yes
ENSG00000100987,VSX1,,Yes
ENSG00000119614,VSX2,,Yes
ENSG00000136367,ZFHX2,,Yes
ENSG00000165156,ZHX1,,Yes
ENSG00000178764,ZHX2,,Yes
ENSG00000174306,ZHX3,,Yes
ENSG00000075891,PAX2,,Yes
ENSG00000135903,PAX3,,Yes
ENSG00000106331,PAX4,,Yes
ENSG00000007372,PAX6,,Yes
ENSG00000009709,PAX7,,Yes
ENSG00000064835,POU1F1,,Yes
ENSG00000143190,POU2F1,Yes,
ENSG00000028277,POU2F2,,Yes
ENSG00000137709,POU2F3,,Yes
ENSG00000185668,POU3F1,,Yes
ENSG00000184486,POU3F2,,Yes
ENSG00000198914,POU3F3,,Yes
ENSG00000196767,POU3F4,,Yes
ENSG00000152192,POU4F1,,Yes
ENSG00000151615,POU4F2,,Yes
ENSG00000091010,POU4F3,,Yes
ENSG00000204531,POU5F1,,Yes
ENSG00000212993,POU5F1B,,Yes
ENSG00000248483,POU5F2,,Yes
ENSG00000184271,POU6F1,,Yes
ENSG00000106536,POU6F2,,Yes
ENSG00000185122,HSF1,,Yes
ENSG00000025156,HSF2,,Yes
ENSG00000102878,HSF4,,Yes
ENSG00000176160,HSF5,,Yes
ENSG00000171116,HSFX1,,Yes
ENSG00000268738,HSFX2,,Yes
ENSG00000172468,HSFY1,,Yes
ENSG00000169953,HSFY2,,Yes
ENSG00000125347,IRF1,,Yes
ENSG00000168310,IRF2,,Yes
ENSG00000126456,IRF3,,Yes
ENSG00000137265,IRF4,,Yes
ENSG00000128604,IRF5,,Yes
ENSG00000117595,IRF6,,Yes
ENSG00000185507,IRF7,,Yes
ENSG00000140968,IRF8,Yes,
ENSG00000213928,IRF9,,Yes
ENSG00000188981,MSANTD1,,Yes
ENSG00000066697,MSANTD3,,Yes
ENSG00000171169,NAIF1,,Yes
ENSG00000064489,BORCS8-MEF2B,,Yes
ENSG00000068305,MEF2A,,Yes
ENSG00000213999,MEF2B,,Yes
ENSG00000081189,MEF2C,,Yes
ENSG00000116604,MEF2D,,Yes
ENSG00000112658,SRF,,Yes
ENSG00000123636,BAZ2B,,Yes
ENSG00000134046,MBD2,Yes,
ENSG00000071655,MBD3,,Yes
ENSG00000129071,MBD4,,Yes
ENSG00000166987,MBD6,,Yes
ENSG00000127445,PIN1,,Yes
ENSG00000143379,SETDB1,,Yes
ENSG00000136169,SETDB2,,Yes
ENSG00000076108,BAZ2A,,Yes
ENSG00000169057,MECP2,,Yes
ENSG00000141644,MBD1,,Yes
ENSG00000127989,MTERF1,,Yes
ENSG00000120832,MTERF2,,Yes
ENSG00000156469,MTERF3,,Yes
ENSG00000122085,MTERF4,,Yes
ENSG00000096401,CDC5L,,Yes
ENSG00000135164,DMTF1,,Yes
ENSG00000170903,MSANTD4,,Yes
ENSG00000118513,MYB,,Yes
ENSG00000185697,MYBL1,,Yes
ENSG00000101057,MYBL2,,Yes
ENSG00000176182,MYPOP,,Yes
ENSG00000162601,MYSM1,,Yes
ENSG00000165684,SNAPC4,,Yes
ENSG00000249961,TERB1,,Yes
ENSG00000147601,TERF1,,Yes
ENSG00000132604,TERF2,,Yes
ENSG00000125482,TTF1,,Yes
ENSG00000036549,ZZZ3,,Yes
ENSG00000124920,MYRF,,Yes
ENSG00000166268,MYRFL,,Yes
ENSG00000086102,NFX1,,Yes
ENSG00000170448,NFXL1,,Yes
ENSG00000169083,AR,,Yes
ENSG00000091831,ESR1,Yes,
ENSG00000140009,ESR2,,Yes
ENSG00000173153,ESRRA,,Yes
ENSG00000119715,ESRRB,,Yes
ENSG00000196482,ESRRG,Yes,
ENSG00000101076,HNF4A,Yes,
ENSG00000164749,HNF4G,,Yes
ENSG00000126368,NR1D1,Yes,
ENSG00000174738,NR1D2,,Yes
ENSG00000131408,NR1H2,,Yes
ENSG00000025434,NR1H3,,Yes
ENSG00000012504,NR1H4,,Yes
ENSG00000144852,NR1I2,,Yes
ENSG00000143257,NR1I3,,Yes
ENSG00000120798,NR2C1,Yes,
ENSG00000177463,NR2C2,Yes,
ENSG00000112333,NR2E1,,Yes
ENSG00000278570,NR2E3,,Yes
ENSG00000175745,NR2F1,,Yes
ENSG00000185551,NR2F2,Yes,
ENSG00000160113,NR2F6,,Yes
ENSG00000113580,NR3C1,,Yes
ENSG00000151623,NR3C2,,Yes
ENSG00000123358,NR4A1,Yes,
ENSG00000153234,NR4A2,Yes,
ENSG00000119508,NR4A3,,Yes
ENSG00000136931,NR5A1,,Yes
ENSG00000116833,NR5A2,Yes,
ENSG00000148200,NR6A1,,Yes
ENSG00000082175,PGR,,Yes
ENSG00000186951,PPARA,,Yes
ENSG00000112033,PPARD,Yes,
ENSG00000132170,PPARG,,Yes
ENSG00000131759,RARA,Yes,
ENSG00000077092,RARB,Yes,
ENSG00000172819,RARG,Yes,
ENSG00000069667,RORA,Yes,
ENSG00000198963,RORB,Yes,
ENSG00000143365,RORC,Yes,
ENSG00000186350,RXRA,,Yes
ENSG00000204231,RXRB,Yes,
ENSG00000143171,RXRG,Yes,
ENSG00000126351,THRA,,Yes
ENSG00000151090,THRB,Yes,
ENSG00000111424,VDR,,Yes
ENSG00000141510,TP53,,Yes
ENSG00000073282,TP63,Yes,
ENSG00000078900,TP73,,Yes
ENSG00000125813,PAX1,,Yes
ENSG00000196092,PAX5,Yes,
ENSG00000125618,PAX8,Yes,
ENSG00000198807,PAX9,,Yes
ENSG00000196233,LCOR,,Yes
ENSG00000178177,LCORL,Yes,
ENSG00000117707,PROX1,,Yes
ENSG00000119608,PROX2,,Yes
ENSG00000102908,NFAT5,,Yes
ENSG00000131196,NFATC1,,Yes
ENSG00000101096,NFATC2,,Yes
ENSG00000072736,NFATC3,Yes,
ENSG00000100968,NFATC4,Yes,
ENSG00000109320,NFKB1,,Yes
ENSG00000077150,NFKB2,,Yes
ENSG00000162924,REL,Yes,
ENSG00000173039,RELA,,Yes
ENSG00000104856,RELB,,Yes
ENSG00000132005,RFX1,Yes,
ENSG00000087903,RFX2,Yes,
ENSG00000080298,RFX3,,Yes
ENSG00000111783,RFX4,Yes,
ENSG00000143390,RFX5,,Yes
ENSG00000185002,RFX6,,Yes
ENSG00000181827,RFX7,,Yes
ENSG00000196460,RFX8,,Yes
ENSG00000159216,RUNX1,,Yes
ENSG00000124813,RUNX2,Yes,
ENSG00000020633,RUNX3,,Yes
ENSG00000160224,AIRE,,Yes
ENSG00000177030,DEAF1,,Yes
ENSG00000162419,GMEB1,,Yes
ENSG00000101216,GMEB2,,Yes
ENSG00000215474,SKOR2,,Yes
ENSG00000067066,SP100,,Yes
ENSG00000135899,SP110,,Yes
ENSG00000079263,SP140,,Yes
ENSG00000185404,SP140L,,Yes
ENSG00000162599,NFIA,,Yes
ENSG00000147862,NFIB,Yes,
ENSG00000141905,NFIC,,Yes
ENSG00000008441,NFIX,Yes,
ENSG00000170365,SMAD1,,Yes
ENSG00000166949,SMAD3,,Yes
ENSG00000141646,SMAD4,,Yes
ENSG00000113658,SMAD5,,Yes
ENSG00000120693,SMAD9,,Yes
ENSG00000115415,STAT1,,Yes
ENSG00000170581,STAT2,,Yes
ENSG00000168610,STAT3,Yes,
ENSG00000138378,STAT4,,Yes
ENSG00000126561,STAT5A,,Yes
ENSG00000173757,STAT5B,,Yes
ENSG00000166888,STAT6,,Yes
ENSG00000163508,EOMES,,Yes
ENSG00000174197,MGA,,Yes
ENSG00000164458,T,,Yes
ENSG00000136535,TBR1,,Yes
ENSG00000184058,TBX1,,Yes
ENSG00000167800,TBX10,,Yes
ENSG00000092607,TBX15,,Yes
ENSG00000112837,TBX18,Yes,
ENSG00000143178,TBX19,,Yes
ENSG00000121068,TBX2,Yes,
ENSG00000164532,TBX20,,Yes
ENSG00000073861,TBX21,Yes,
ENSG00000122145,TBX22,,Yes
ENSG00000135111,TBX3,Yes,
ENSG00000121075,TBX4,,Yes
ENSG00000089225,TBX5,Yes,
ENSG00000149922,TBX6,,Yes
ENSG00000112592,TBP,,Yes
ENSG00000028839,TBPL1,,Yes
ENSG00000182521,TBPL2,,Yes
ENSG00000189308,LIN54,Yes,
ENSG00000187079,TEAD1,,Yes
ENSG00000074219,TEAD2,,Yes
ENSG00000007866,TEAD3,,Yes
ENSG00000197905,TEAD4,,Yes
ENSG00000131931,THAP1,,Yes
ENSG00000129028,THAP10,,Yes
ENSG00000168286,THAP11,,Yes
ENSG00000137492,THAP12,,Yes
ENSG00000173451,THAP2,,Yes
ENSG00000041988,THAP3,,Yes
ENSG00000176946,THAP4,,Yes
ENSG00000177683,THAP5,,Yes
ENSG00000174796,THAP6,,Yes
ENSG00000184436,THAP7,,Yes
ENSG00000161277,THAP8,,Yes
ENSG00000168152,THAP9,,Yes
ENSG00000106624,AEBP1,,Yes
ENSG00000160007,ARHGAP35,Yes,
ENSG00000171634,BPTF,,Yes
ENSG00000104221,BRF2,,Yes
ENSG00000138380,CARF,,Yes
ENSG00000132024,CC2D1A,,Yes
ENSG00000115816,CEBPZ,,Yes
ENSG00000115163,CENPA,,Yes
ENSG00000175279,CENPS,,Yes
ENSG00000102901,CENPT,,Yes
ENSG00000169689,CENPX,,Yes
ENSG00000163320,CGGBP1,,Yes
ENSG00000106554,CHCHD3,,Yes
ENSG00000214575,CPEB1,,Yes
ENSG00000144655,CSRNP1,,Yes
ENSG00000110925,CSRNP2,,Yes
ENSG00000178662,CSRNP3,,Yes
ENSG00000276644,DACH1,,Yes
ENSG00000126733,DACH2,,Yes
ENSG00000117505,DR1,,Yes
ENSG00000175550,DRAP1,,Yes
ENSG00000198715,GLMP,,Yes
ENSG00000062194,GPBP1,Yes,
ENSG00000159592,GPBP1L1,,Yes
ENSG00000137947,GTF2B,,Yes
ENSG00000115041,KCNIP3,,Yes
ENSG00000012223,LTF,,Yes
ENSG00000143033,MTF2,Yes,
ENSG00000148411,NACC2,,Yes
ENSG00000230257,NFE4,,Yes
ENSG00000120837,NFYB,,Yes
ENSG00000066136,NFYC,,Yes
ENSG00000186416,NKRF,,Yes
ENSG00000243678,NME2,,Yes
ENSG00000169297,NR0B1,,Yes
ENSG00000106459,NRF1,,Yes
ENSG00000170515,PA2G4,,Yes
ENSG00000277258,PCGF2,,Yes
ENSG00000156374,PCGF6,,Yes
ENSG00000112511,PHF1,,Yes
ENSG00000119403,PHF19 ,,Yes
ENSG00000188313,PLSCR1,,Yes
ENSG00000110777,POU2AF1,,Yes
ENSG00000138073,PREB,,Yes
ENSG00000185129,PURA,,Yes
ENSG00000146676,PURB,,Yes
ENSG00000172733,PURG,Yes,
ENSG00000166349,RAG1,,Yes
ENSG00000125826,RBCK1,,Yes
ENSG00000148300,REXO4,,Yes
ENSG00000160633,SAFB,,Yes
ENSG00000130254,SAFB2,,Yes
ENSG00000010803,SCMH1,,Yes
ENSG00000157933,SKI,,Yes
ENSG00000136603,SKIL,,Yes
ENSG00000188779,SKOR1,,Yes
ENSG00000185420,SMYD3,,Yes
ENSG00000104976,SNAPC2,,Yes
ENSG00000174446,SNAPC5,,Yes
ENSG00000159140,SON,,Yes
ENSG00000065526,SPEN,,Yes
ENSG00000164299,SPZ1,,Yes
ENSG00000100207,TCF20,,Yes
ENSG00000168769,TET2,,Yes
ENSG00000151500,THYN1,,Yes
ENSG00000144747,TMF1,,Yes
ENSG00000197579,TOPORS,,Yes
ENSG00000102804,TSC22D1,,Yes
ENSG00000136936,XPA,,Yes
